|ccg_code|ccg_name|stp_code|stp_name|file|FID|STP20CD|STP20CDH|STP20NM|NHSER20CD|NHSER20CDH|NHSER20NM
0|02N|NHS Airedale, Wharfedale and Craven CCG|E54000054|West Yorkshire and Harrogate (Health and Care Partnership)|2019 CCGs|39|E54000054|QWO|West Yorkshire and Harrogate (Health and Care Partnership)|E40000009|Y63|North East and Yorkshire
1|02W|NHS Bradford City CCG|E54000054|West Yorkshire and Harrogate (Health and Care Partnership)|2019 CCGs|39|E54000054|QWO|West Yorkshire and Harrogate (Health and Care Partnership)|E40000009|Y63|North East and Yorkshire
2|02R|NHS Bradford Districts CCG|E54000054|West Yorkshire and Harrogate (Health and Care Partnership)|2019 CCGs|39|E54000054|QWO|West Yorkshire and Harrogate (Health and Care Partnership)|E40000009|Y63|North East and Yorkshire
3|02T|NHS Calderdale CCG|E54000054|West Yorkshire and Harrogate (Health and Care Partnership)|2019 CCGs|39|E54000054|QWO|West Yorkshire and Harrogate (Health and Care Partnership)|E40000009|Y63|North East and Yorkshire
4|03A|NHS Greater Huddersfield CCG|E54000054|West Yorkshire and Harrogate (Health and Care Partnership)|2019 CCGs|39|E54000054|QWO|West Yorkshire and Harrogate (Health and Care Partnership)|E40000009|Y63|North East and Yorkshire
5|03E|NHS Harrogate and Rural District CCG|E54000054|West Yorkshire and Harrogate (Health and Care Partnership)|2019 CCGs|39|E54000054|QWO|West Yorkshire and Harrogate (Health and Care Partnership)|E40000009|Y63|North East and Yorkshire
6|03J|NHS North Kirklees CCG|E54000054|West Yorkshire and Harrogate (Health and Care Partnership)|2019 CCGs|39|E54000054|QWO|West Yorkshire and Harrogate (Health and Care Partnership)|E40000009|Y63|North East and Yorkshire
7|03R|NHS Wakefield CCG|E54000054|West Yorkshire and Harrogate (Health and Care Partnership)|2019 CCGs|39|E54000054|QWO|West Yorkshire and Harrogate (Health and Care Partnership)|E40000009|Y63|North East and Yorkshire
8|15F|NHS Leeds CCG|E54000054|West Yorkshire and Harrogate (Health and Care Partnership)|2019 CCGs|39|E54000054|QWO|West Yorkshire and Harrogate (Health and Care Partnership)|E40000009|Y63|North East and Yorkshire
9|02Y|NHS East Riding of Yorkshire CCG|E54000051|Humber, Coast and Vale|2019 CCGs|38|E54000051|QOQ|Humber, Coast and Vale|E40000009|Y63|North East and Yorkshire
10|03F|NHS Hull CCG|E54000051|Humber, Coast and Vale|2019 CCGs|38|E54000051|QOQ|Humber, Coast and Vale|E40000009|Y63|North East and Yorkshire
11|03H|NHS North East Lincolnshire CCG|E54000051|Humber, Coast and Vale|2019 CCGs|38|E54000051|QOQ|Humber, Coast and Vale|E40000009|Y63|North East and Yorkshire
12|03K|NHS North Lincolnshire CCG|E54000051|Humber, Coast and Vale|2019 CCGs|38|E54000051|QOQ|Humber, Coast and Vale|E40000009|Y63|North East and Yorkshire
13|03M|NHS Scarborough and Ryedale CCG|E54000051|Humber, Coast and Vale|2019 CCGs|38|E54000051|QOQ|Humber, Coast and Vale|E40000009|Y63|North East and Yorkshire
14|03Q|NHS Vale of York CCG|E54000051|Humber, Coast and Vale|2019 CCGs|38|E54000051|QOQ|Humber, Coast and Vale|E40000009|Y63|North East and Yorkshire
15|00T|NHS Bolton CCG|E54000007|Greater Manchester Health and Social Care Partnership|2019 CCGs|40|E54000007|QOP|Greater Manchester Health and Social Care Partnership|E40000010|Y62|North West
16|00V|NHS Bury CCG|E54000007|Greater Manchester Health and Social Care Partnership|2019 CCGs|40|E54000007|QOP|Greater Manchester Health and Social Care Partnership|E40000010|Y62|North West
17|01D|NHS Heywood, Middleton and Rochdale CCG|E54000007|Greater Manchester Health and Social Care Partnership|2019 CCGs|40|E54000007|QOP|Greater Manchester Health and Social Care Partnership|E40000010|Y62|North West
18|00Y|NHS Oldham CCG|E54000007|Greater Manchester Health and Social Care Partnership|2019 CCGs|40|E54000007|QOP|Greater Manchester Health and Social Care Partnership|E40000010|Y62|North West
19|01G|NHS Salford CCG|E54000007|Greater Manchester Health and Social Care Partnership|2019 CCGs|40|E54000007|QOP|Greater Manchester Health and Social Care Partnership|E40000010|Y62|North West
20|01W|NHS Stockport CCG|E54000007|Greater Manchester Health and Social Care Partnership|2019 CCGs|40|E54000007|QOP|Greater Manchester Health and Social Care Partnership|E40000010|Y62|North West
21|01Y|NHS Tameside and Glossop CCG|E54000007|Greater Manchester Health and Social Care Partnership|2019 CCGs|40|E54000007|QOP|Greater Manchester Health and Social Care Partnership|E40000010|Y62|North West
22|02A|NHS Trafford CCG|E54000007|Greater Manchester Health and Social Care Partnership|2019 CCGs|40|E54000007|QOP|Greater Manchester Health and Social Care Partnership|E40000010|Y62|North West
23|02H|NHS Wigan Borough CCG|E54000007|Greater Manchester Health and Social Care Partnership|2019 CCGs|40|E54000007|QOP|Greater Manchester Health and Social Care Partnership|E40000010|Y62|North West
24|14L|NHS Manchester CCG|E54000007|Greater Manchester Health and Social Care Partnership|2019 CCGs|40|E54000007|QOP|Greater Manchester Health and Social Care Partnership|E40000010|Y62|North West
25|01C|NHS Eastern Cheshire CCG|E54000008|Cheshire and Merseyside|2019 CCGs|41|E54000008|QYG|Cheshire and Merseyside|E40000010|Y62|North West
26|01F|NHS Halton CCG|E54000008|Cheshire and Merseyside|2019 CCGs|41|E54000008|QYG|Cheshire and Merseyside|E40000010|Y62|North West
27|01J|NHS Knowsley CCG|E54000008|Cheshire and Merseyside|2019 CCGs|41|E54000008|QYG|Cheshire and Merseyside|E40000010|Y62|North West
28|99A|NHS Liverpool CCG|E54000008|Cheshire and Merseyside|2019 CCGs|41|E54000008|QYG|Cheshire and Merseyside|E40000010|Y62|North West
29|01R|NHS South Cheshire CCG|E54000008|Cheshire and Merseyside|2019 CCGs|41|E54000008|QYG|Cheshire and Merseyside|E40000010|Y62|North West
30|01T|NHS South Sefton CCG|E54000008|Cheshire and Merseyside|2019 CCGs|41|E54000008|QYG|Cheshire and Merseyside|E40000010|Y62|North West
31|01V|NHS Southport and Formby CCG|E54000008|Cheshire and Merseyside|2019 CCGs|41|E54000008|QYG|Cheshire and Merseyside|E40000010|Y62|North West
32|01X|NHS St Helens CCG|E54000008|Cheshire and Merseyside|2019 CCGs|41|E54000008|QYG|Cheshire and Merseyside|E40000010|Y62|North West
33|02D|NHS Vale Royal CCG|E54000008|Cheshire and Merseyside|2019 CCGs|41|E54000008|QYG|Cheshire and Merseyside|E40000010|Y62|North West
34|02E|NHS Warrington CCG|E54000008|Cheshire and Merseyside|2019 CCGs|41|E54000008|QYG|Cheshire and Merseyside|E40000010|Y62|North West
35|02F|NHS West Cheshire CCG|E54000008|Cheshire and Merseyside|2019 CCGs|41|E54000008|QYG|Cheshire and Merseyside|E40000010|Y62|North West
36|12F|NHS Wirral CCG|E54000008|Cheshire and Merseyside|2019 CCGs|41|E54000008|QYG|Cheshire and Merseyside|E40000010|Y62|North West
37|02P|NHS Barnsley CCG|E54000009|South Yorkshire and Bassetlaw|2019 CCGs|36|E54000009|QF7|South Yorkshire and Bassetlaw|E40000009|Y63|North East and Yorkshire
38|02Q|NHS Bassetlaw CCG|E54000009|South Yorkshire and Bassetlaw|2019 CCGs|36|E54000009|QF7|South Yorkshire and Bassetlaw|E40000009|Y63|North East and Yorkshire
39|02X|NHS Doncaster CCG|E54000009|South Yorkshire and Bassetlaw|2019 CCGs|36|E54000009|QF7|South Yorkshire and Bassetlaw|E40000009|Y63|North East and Yorkshire
40|03L|NHS Rotherham CCG|E54000009|South Yorkshire and Bassetlaw|2019 CCGs|36|E54000009|QF7|South Yorkshire and Bassetlaw|E40000009|Y63|North East and Yorkshire
41|03N|NHS Sheffield CCG|E54000009|South Yorkshire and Bassetlaw|2019 CCGs|36|E54000009|QF7|South Yorkshire and Bassetlaw|E40000009|Y63|North East and Yorkshire
42|04Y|NHS Cannock Chase CCG|E54000010|Staffordshire and Stoke on Trent|2019 CCGs|25|E54000010|QNC|Staffordshire and Stoke on Trent|E40000008|Y60|Midlands
43|05D|NHS East Staffordshire CCG|E54000010|Staffordshire and Stoke on Trent|2019 CCGs|25|E54000010|QNC|Staffordshire and Stoke on Trent|E40000008|Y60|Midlands
44|05G|NHS North Staffordshire CCG|E54000010|Staffordshire and Stoke on Trent|2019 CCGs|25|E54000010|QNC|Staffordshire and Stoke on Trent|E40000008|Y60|Midlands
45|05Q|NHS South East Staffordshire and Seisdon Peninsula CCG|E54000010|Staffordshire and Stoke on Trent|2019 CCGs|25|E54000010|QNC|Staffordshire and Stoke on Trent|E40000008|Y60|Midlands
46|05V|NHS Stafford and Surrounds CCG|E54000010|Staffordshire and Stoke on Trent|2019 CCGs|25|E54000010|QNC|Staffordshire and Stoke on Trent|E40000008|Y60|Midlands
47|05W|NHS Stoke on Trent CCG|E54000010|Staffordshire and Stoke on Trent|2019 CCGs|25|E54000010|QNC|Staffordshire and Stoke on Trent|E40000008|Y60|Midlands
48|05N|NHS Shropshire CCG|E54000011|Shropshire and Telford and Wrekin|2019 CCGs|26|E54000011|QOC|Shropshire and Telford and Wrekin|E40000008|Y60|Midlands
49|05X|NHS Telford and Wrekin CCG|E54000011|Shropshire and Telford and Wrekin|2019 CCGs|26|E54000011|QOC|Shropshire and Telford and Wrekin|E40000008|Y60|Midlands
50|15M|NHS Derby and Derbyshire CCG|E54000012|Joined Up Care Derbyshire|2019 CCGs|27|E54000012|QJ2|Joined Up Care Derbyshire|E40000008|Y60|Midlands
51|03T|NHS Lincolnshire East CCG|E54000013|Lincolnshire|2019 CCGs|28|E54000013|QJM|Lincolnshire|E40000008|Y60|Midlands
52|04D|NHS Lincolnshire West CCG|E54000013|Lincolnshire|2019 CCGs|28|E54000013|QJM|Lincolnshire|E40000008|Y60|Midlands
53|99D|NHS South Lincolnshire CCG|E54000013|Lincolnshire|2019 CCGs|28|E54000013|QJM|Lincolnshire|E40000008|Y60|Midlands
54|04Q|NHS South West Lincolnshire CCG|E54000013|Lincolnshire|2019 CCGs|28|E54000013|QJM|Lincolnshire|E40000008|Y60|Midlands
55|04E|NHS Mansfield and Ashfield CCG|E54000014|Nottingham and Nottinghamshire Health and Care|2019 CCGs|29|E54000014|QT1|Nottingham and Nottinghamshire Health and Care|E40000008|Y60|Midlands
56|04H|NHS Newark and Sherwood CCG|E54000014|Nottingham and Nottinghamshire Health and Care|2019 CCGs|29|E54000014|QT1|Nottingham and Nottinghamshire Health and Care|E40000008|Y60|Midlands
57|04K|NHS Nottingham City CCG|E54000014|Nottingham and Nottinghamshire Health and Care|2019 CCGs|29|E54000014|QT1|Nottingham and Nottinghamshire Health and Care|E40000008|Y60|Midlands
58|04L|NHS Nottingham North and East CCG|E54000014|Nottingham and Nottinghamshire Health and Care|2019 CCGs|29|E54000014|QT1|Nottingham and Nottinghamshire Health and Care|E40000008|Y60|Midlands
59|04M|NHS Nottingham West CCG|E54000014|Nottingham and Nottinghamshire Health and Care|2019 CCGs|29|E54000014|QT1|Nottingham and Nottinghamshire Health and Care|E40000008|Y60|Midlands
60|04N|NHS Rushcliffe CCG|E54000014|Nottingham and Nottinghamshire Health and Care|2019 CCGs|29|E54000014|QT1|Nottingham and Nottinghamshire Health and Care|E40000008|Y60|Midlands
61|03W|NHS East Leicestershire and Rutland CCG|E54000015|Leicester, Leicestershire and Rutland|2019 CCGs|30|E54000015|QK1|Leicester, Leicestershire and Rutland|E40000008|Y60|Midlands
62|04C|NHS Leicester City CCG|E54000015|Leicester, Leicestershire and Rutland|2019 CCGs|30|E54000015|QK1|Leicester, Leicestershire and Rutland|E40000008|Y60|Midlands
63|04V|NHS West Leicestershire CCG|E54000015|Leicester, Leicestershire and Rutland|2019 CCGs|30|E54000015|QK1|Leicester, Leicestershire and Rutland|E40000008|Y60|Midlands
64|05C|NHS Dudley CCG|E54000016|The Black Country and West Birmingham|2019 CCGs|31|E54000016|QUA|The Black Country and West Birmingham|E40000008|Y60|Midlands
65|05L|NHS Sandwell and West Birmingham CCG|E54000016|The Black Country and West Birmingham|2019 CCGs|31|E54000016|QUA|The Black Country and West Birmingham|E40000008|Y60|Midlands
66|05Y|NHS Walsall CCG|E54000016|The Black Country and West Birmingham|2019 CCGs|31|E54000016|QUA|The Black Country and West Birmingham|E40000008|Y60|Midlands
67|06A|NHS Wolverhampton CCG|E54000016|The Black Country and West Birmingham|2019 CCGs|31|E54000016|QUA|The Black Country and West Birmingham|E40000008|Y60|Midlands
68|15E|NHS Birmingham and Solihull CCG|E54000017|Birmingham and Solihull|2019 CCGs|32|E54000017|QHL|Birmingham and Solihull|E40000008|Y60|Midlands
69|05A|NHS Coventry and Rugby CCG|E54000018|Coventry and Warwickshire|2019 CCGs|33|E54000018|QWU|Coventry and Warwickshire|E40000008|Y60|Midlands
70|05R|NHS South Warwickshire CCG|E54000018|Coventry and Warwickshire|2019 CCGs|33|E54000018|QWU|Coventry and Warwickshire|E40000008|Y60|Midlands
71|05H|NHS Warwickshire North CCG|E54000018|Coventry and Warwickshire|2019 CCGs|33|E54000018|QWU|Coventry and Warwickshire|E40000008|Y60|Midlands
72|05F|NHS Herefordshire CCG|E54000019|Herefordshire and Worcestershire|2019 CCGs|34|E54000019|QGH|Herefordshire and Worcestershire|E40000008|Y60|Midlands
73|05J|NHS Redditch and Bromsgrove CCG|E54000019|Herefordshire and Worcestershire|2019 CCGs|34|E54000019|QGH|Herefordshire and Worcestershire|E40000008|Y60|Midlands
74|05T|NHS South Worcestershire CCG|E54000019|Herefordshire and Worcestershire|2019 CCGs|34|E54000019|QGH|Herefordshire and Worcestershire|E40000008|Y60|Midlands
75|06D|NHS Wyre Forest CCG|E54000019|Herefordshire and Worcestershire|2019 CCGs|34|E54000019|QGH|Herefordshire and Worcestershire|E40000008|Y60|Midlands
76|03V|NHS Corby CCG|E54000020|Northamptonshire|2019 CCGs|35|E54000020|QPM|Northamptonshire|E40000008|Y60|Midlands
77|04G|NHS Nene CCG|E54000020|Northamptonshire|2019 CCGs|35|E54000020|QPM|Northamptonshire|E40000008|Y60|Midlands
78|06H|NHS Cambridgeshire and Peterborough CCG|E54000021|Cambridgeshire and Peterborough|2019 CCGs|19|E54000021|QUE|Cambridgeshire and Peterborough|E40000007|Y61|East of England
79|06M|NHS Great Yarmouth and Waveney CCG|E54000022|Norfolk and Waveney Health and Care Partnership|2019 CCGs|20|E54000022|QMM|Norfolk and Waveney Health and Care Partnership|E40000007|Y61|East of England
80|06V|NHS North Norfolk CCG|E54000022|Norfolk and Waveney Health and Care Partnership|2019 CCGs|20|E54000022|QMM|Norfolk and Waveney Health and Care Partnership|E40000007|Y61|East of England
81|07J|NHS West Norfolk CCG|E54000022|Norfolk and Waveney Health and Care Partnership|2019 CCGs|20|E54000022|QMM|Norfolk and Waveney Health and Care Partnership|E40000007|Y61|East of England
82|06W|NHS Norwich CCG|E54000022|Norfolk and Waveney Health and Care Partnership|2019 CCGs|20|E54000022|QMM|Norfolk and Waveney Health and Care Partnership|E40000007|Y61|East of England
83|06Y|NHS South Norfolk CCG|E54000022|Norfolk and Waveney Health and Care Partnership|2019 CCGs|20|E54000022|QMM|Norfolk and Waveney Health and Care Partnership|E40000007|Y61|East of England
84|06L|NHS Ipswich and East Suffolk CCG|E54000023|Suffolk and North East Essex|2019 CCGs|21|E54000023|QJG|Suffolk and North East Essex|E40000007|Y61|East of England
85|06T|NHS North East Essex CCG|E54000023|Suffolk and North East Essex|2019 CCGs|21|E54000023|QJG|Suffolk and North East Essex|E40000007|Y61|East of England
86|07K|NHS West Suffolk CCG|E54000023|Suffolk and North East Essex|2019 CCGs|21|E54000023|QJG|Suffolk and North East Essex|E40000007|Y61|East of England
87|06F|NHS Bedfordshire CCG|E54000024|Bedfordshire, Luton and Milton Keynes|2019 CCGs|22|E54000024|QHG|Bedfordshire, Luton and Milton Keynes|E40000007|Y61|East of England
88|06P|NHS Luton CCG|E54000024|Bedfordshire, Luton and Milton Keynes|2019 CCGs|22|E54000024|QHG|Bedfordshire, Luton and Milton Keynes|E40000007|Y61|East of England
89|04F|NHS Milton Keynes CCG|E54000024|Bedfordshire, Luton and Milton Keynes|2019 CCGs|22|E54000024|QHG|Bedfordshire, Luton and Milton Keynes|E40000007|Y61|East of England
90|06K|NHS East and North Hertfordshire CCG|E54000025|Hertfordshire and West Essex|2019 CCGs|23|E54000025|QM7|Hertfordshire and West Essex|E40000007|Y61|East of England
91|06N|NHS Herts Valleys CCG|E54000025|Hertfordshire and West Essex|2019 CCGs|23|E54000025|QM7|Hertfordshire and West Essex|E40000007|Y61|East of England
92|07H|NHS West Essex CCG|E54000025|Hertfordshire and West Essex|2019 CCGs|23|E54000025|QM7|Hertfordshire and West Essex|E40000007|Y61|East of England
93|99E|NHS Basildon and Brentwood CCG|E54000026|Mid and South Essex|2019 CCGs|24|E54000026|QH8|Mid and South Essex|E40000007|Y61|East of England
94|99F|NHS Castle Point and Rochford CCG|E54000026|Mid and South Essex|2019 CCGs|24|E54000026|QH8|Mid and South Essex|E40000007|Y61|East of England
95|06Q|NHS Mid Essex CCG|E54000026|Mid and South Essex|2019 CCGs|24|E54000026|QH8|Mid and South Essex|E40000007|Y61|East of England
96|99G|NHS Southend CCG|E54000026|Mid and South Essex|2019 CCGs|24|E54000026|QH8|Mid and South Essex|E40000007|Y61|East of England
97|07G|NHS Thurrock CCG|E54000026|Mid and South Essex|2019 CCGs|24|E54000026|QH8|Mid and South Essex|E40000007|Y61|East of England
98|07P|NHS Brent CCG|E54000027|North West London Health and Care Partnership|2019 CCGs|1|E54000027|QRV|North West London Health and Care Partnership|E40000003|Y56|London
99|09A|NHS Central London (Westminster) CCG|E54000027|North West London Health and Care Partnership|2019 CCGs|1|E54000027|QRV|North West London Health and Care Partnership|E40000003|Y56|London
100|07W|NHS Ealing CCG|E54000027|North West London Health and Care Partnership|2019 CCGs|1|E54000027|QRV|North West London Health and Care Partnership|E40000003|Y56|London
101|08C|NHS Hammersmith and Fulham CCG|E54000027|North West London Health and Care Partnership|2019 CCGs|1|E54000027|QRV|North West London Health and Care Partnership|E40000003|Y56|London
102|08E|NHS Harrow CCG|E54000027|North West London Health and Care Partnership|2019 CCGs|1|E54000027|QRV|North West London Health and Care Partnership|E40000003|Y56|London
103|08G|NHS Hillingdon CCG|E54000027|North West London Health and Care Partnership|2019 CCGs|1|E54000027|QRV|North West London Health and Care Partnership|E40000003|Y56|London
104|07Y|NHS Hounslow CCG|E54000027|North West London Health and Care Partnership|2019 CCGs|1|E54000027|QRV|North West London Health and Care Partnership|E40000003|Y56|London
105|08Y|NHS West London CCG|E54000027|North West London Health and Care Partnership|2019 CCGs|1|E54000027|QRV|North West London Health and Care Partnership|E40000003|Y56|London
106|07M|NHS Barnet CCG|E54000028|North London Partners in Health and Care|2019 CCGs|2|E54000028|QMJ|North London Partners in Health and Care|E40000003|Y56|London
107|07R|NHS Camden CCG|E54000028|North London Partners in Health and Care|2019 CCGs|2|E54000028|QMJ|North London Partners in Health and Care|E40000003|Y56|London
108|07X|NHS Enfield CCG|E54000028|North London Partners in Health and Care|2019 CCGs|2|E54000028|QMJ|North London Partners in Health and Care|E40000003|Y56|London
109|08D|NHS Haringey CCG|E54000028|North London Partners in Health and Care|2019 CCGs|2|E54000028|QMJ|North London Partners in Health and Care|E40000003|Y56|London
110|08H|NHS Islington CCG|E54000028|North London Partners in Health and Care|2019 CCGs|2|E54000028|QMJ|North London Partners in Health and Care|E40000003|Y56|London
111|07L|NHS Barking and Dagenham CCG|E54000029|East London Health and Care Partnership|2019 CCGs|3|E54000029|QMF|East London Health and Care Partnership|E40000003|Y56|London
112|07T|NHS City and Hackney CCG|E54000029|East London Health and Care Partnership|2019 CCGs|3|E54000029|QMF|East London Health and Care Partnership|E40000003|Y56|London
113|08F|NHS Havering CCG|E54000029|East London Health and Care Partnership|2019 CCGs|3|E54000029|QMF|East London Health and Care Partnership|E40000003|Y56|London
114|08M|NHS Newham CCG|E54000029|East London Health and Care Partnership|2019 CCGs|3|E54000029|QMF|East London Health and Care Partnership|E40000003|Y56|London
115|08N|NHS Redbridge CCG|E54000029|East London Health and Care Partnership|2019 CCGs|3|E54000029|QMF|East London Health and Care Partnership|E40000003|Y56|London
116|08V|NHS Tower Hamlets CCG|E54000029|East London Health and Care Partnership|2019 CCGs|3|E54000029|QMF|East London Health and Care Partnership|E40000003|Y56|London
117|08W|NHS Waltham Forest CCG|E54000029|East London Health and Care Partnership|2019 CCGs|3|E54000029|QMF|East London Health and Care Partnership|E40000003|Y56|London
118|07N|NHS Bexley CCG|E54000030|Our Healthier South East London|2019 CCGs|4|E54000030|QKK|Our Healthier South East London|E40000003|Y56|London
119|07Q|NHS Bromley CCG|E54000030|Our Healthier South East London|2019 CCGs|4|E54000030|QKK|Our Healthier South East London|E40000003|Y56|London
120|08A|NHS Greenwich CCG|E54000030|Our Healthier South East London|2019 CCGs|4|E54000030|QKK|Our Healthier South East London|E40000003|Y56|London
121|08K|NHS Lambeth CCG|E54000030|Our Healthier South East London|2019 CCGs|4|E54000030|QKK|Our Healthier South East London|E40000003|Y56|London
122|08L|NHS Lewisham CCG|E54000030|Our Healthier South East London|2019 CCGs|4|E54000030|QKK|Our Healthier South East London|E40000003|Y56|London
123|08Q|NHS Southwark CCG|E54000030|Our Healthier South East London|2019 CCGs|4|E54000030|QKK|Our Healthier South East London|E40000003|Y56|London
124|07V|NHS Croydon CCG|E54000031|South West London Health and Care Partnership|2019 CCGs|5|E54000031|QWE|South West London Health and Care Partnership|E40000003|Y56|London
125|08J|NHS Kingston CCG|E54000031|South West London Health and Care Partnership|2019 CCGs|5|E54000031|QWE|South West London Health and Care Partnership|E40000003|Y56|London
126|08R|NHS Merton CCG|E54000031|South West London Health and Care Partnership|2019 CCGs|5|E54000031|QWE|South West London Health and Care Partnership|E40000003|Y56|London
127|08P|NHS Richmond CCG|E54000031|South West London Health and Care Partnership|2019 CCGs|5|E54000031|QWE|South West London Health and Care Partnership|E40000003|Y56|London
128|08T|NHS Sutton CCG|E54000031|South West London Health and Care Partnership|2019 CCGs|5|E54000031|QWE|South West London Health and Care Partnership|E40000003|Y56|London
129|08X|NHS Wandsworth CCG|E54000031|South West London Health and Care Partnership|2019 CCGs|5|E54000031|QWE|South West London Health and Care Partnership|E40000003|Y56|London
130|09C|NHS Ashford CCG|E54000032|Kent and Medway|2019 CCGs|6|E54000032|QKS|Kent and Medway|E40000005|Y59|South East
131|09E|NHS Canterbury and Coastal CCG|E54000032|Kent and Medway|2019 CCGs|6|E54000032|QKS|Kent and Medway|E40000005|Y59|South East
132|09J|NHS Dartford, Gravesham and Swanley CCG|E54000032|Kent and Medway|2019 CCGs|6|E54000032|QKS|Kent and Medway|E40000005|Y59|South East
133|09W|NHS Medway CCG|E54000032|Kent and Medway|2019 CCGs|6|E54000032|QKS|Kent and Medway|E40000005|Y59|South East
134|10A|NHS South Kent Coast CCG|E54000032|Kent and Medway|2019 CCGs|6|E54000032|QKS|Kent and Medway|E40000005|Y59|South East
135|10D|NHS Swale CCG|E54000032|Kent and Medway|2019 CCGs|6|E54000032|QKS|Kent and Medway|E40000005|Y59|South East
136|10E|NHS Thanet CCG|E54000032|Kent and Medway|2019 CCGs|6|E54000032|QKS|Kent and Medway|E40000005|Y59|South East
137|99J|NHS West Kent CCG|E54000032|Kent and Medway|2019 CCGs|6|E54000032|QKS|Kent and Medway|E40000005|Y59|South East
138|09D|NHS Brighton and Hove CCG|E54000053|Sussex Health and Care Partnership|2019 CCGs|11|E54000053|QNX|Sussex and East Surrey Health and Care Partnership|E40000005|Y59|South East
139|09H|NHS Crawley CCG|E54000053|Sussex Health and Care Partnership|2019 CCGs|11|E54000053|QNX|Sussex and East Surrey Health and Care Partnership|E40000005|Y59|South East
140|09L|NHS East Surrey CCG|E54000053|Sussex Health and Care Partnership|2019 CCGs|11|E54000053|QNX|Sussex and East Surrey Health and Care Partnership|E40000005|Y59|South East
141|09F|NHS Eastbourne, Hailsham and Seaford CCG|E54000053|Sussex Health and Care Partnership|2019 CCGs|11|E54000053|QNX|Sussex and East Surrey Health and Care Partnership|E40000005|Y59|South East
142|09P|NHS Hastings and Rother CCG|E54000053|Sussex Health and Care Partnership|2019 CCGs|11|E54000053|QNX|Sussex and East Surrey Health and Care Partnership|E40000005|Y59|South East
143|99K|NHS High Weald Lewes Havens CCG|E54000053|Sussex Health and Care Partnership|2019 CCGs|11|E54000053|QNX|Sussex and East Surrey Health and Care Partnership|E40000005|Y59|South East
144|09X|NHS Horsham and Mid Sussex CCG|E54000053|Sussex Health and Care Partnership|2019 CCGs|11|E54000053|QNX|Sussex and East Surrey Health and Care Partnership|E40000005|Y59|South East
145|09G|NHS Coastal West Sussex CCG|E54000053|Sussex Health and Care Partnership|2019 CCGs|11|E54000053|QNX|Sussex and East Surrey Health and Care Partnership|E40000005|Y59|South East
146|99M|NHS North East Hampshire and Farnham CCG|E54000034|Frimley Health|2019 CCGs|7|E54000034|QNQ|Frimley Health and Care ICS|E40000005|Y59|South East
147|10C|NHS Surrey Heath CCG|E54000034|Frimley Health|2019 CCGs|7|E54000034|QNQ|Frimley Health and Care ICS|E40000005|Y59|South East
148|15D|NHS East Berkshire CCG|E54000034|Frimley Health|2019 CCGs|7|E54000034|QNQ|Frimley Health and Care ICS|E40000005|Y59|South East
149|09Y|NHS North West Surrey CCG|E54000052|Surrey Heartlands|2019 CCGs|10|E54000052|QXU|Surrey Heartlands Health and Care Partnership|E40000005|Y59|South East
150|99H|NHS Surrey Downs CCG|E54000052|Surrey Heartlands|2019 CCGs|10|E54000052|QXU|Surrey Heartlands Health and Care Partnership|E40000005|Y59|South East
151|09N|NHS Guildford and Waverley CCG|E54000052|Surrey Heartlands|2019 CCGs|10|E54000052|QXU|Surrey Heartlands Health and Care Partnership|E40000005|Y59|South East
152|11N|NHS Kernow CCG|E54000036|Cornwall and the Isles of Scilly|2019 CCGs|12|E54000036|QT6|Cornwall and the Isles of Scilly Health and Social Care Partnership|E40000006|Y58|South West
153|15N|NHS Devon CCG|E54000037|Devon|2019 CCGs|13|E54000037|QJK|Devon|E40000006|Y58|South West
154|11X|NHS Somerset CCG|E54000038|Somerset|2019 CCGs|14|E54000038|QSL|Somerset|E40000006|Y58|South West
155|15C|NHS Bristol, North Somerset and South Gloucestershire CCG|E54000039|Bristol, North Somerset and South Gloucestershire|2019 CCGs|15|E54000039|QUY|Bristol, North Somerset and South Gloucestershire|E40000006|Y58|South West
156|11E|NHS Bath and North East Somerset CCG|E54000040|Bath and North East Somerset, Swindon and Wiltshire|2019 CCGs|16|E54000040|QOX|Bath and North East Somerset, Swindon and Wiltshire|E40000006|Y58|South West
157|12D|NHS Swindon CCG|E54000040|Bath and North East Somerset, Swindon and Wiltshire|2019 CCGs|16|E54000040|QOX|Bath and North East Somerset, Swindon and Wiltshire|E40000006|Y58|South West
158|99N|NHS Wiltshire CCG|E54000040|Bath and North East Somerset, Swindon and Wiltshire|2019 CCGs|16|E54000040|QOX|Bath and North East Somerset, Swindon and Wiltshire|E40000006|Y58|South West
159|11J|NHS Dorset CCG|E54000041|Dorset|2019 CCGs|17|E54000041|QVV|Dorset|E40000006|Y58|South West
160|10K|NHS Fareham and Gosport CCG|E54000042|Hampshire and the Isle of Wight|2019 CCGs|8|E54000042|QRL|Hampshire and the Isle of Wight|E40000005|Y59|South East
161|10L|NHS Isle of Wight CCG|E54000042|Hampshire and the Isle of Wight|2019 CCGs|8|E54000042|QRL|Hampshire and the Isle of Wight|E40000005|Y59|South East
162|10J|NHS North Hampshire CCG|E54000042|Hampshire and the Isle of Wight|2019 CCGs|8|E54000042|QRL|Hampshire and the Isle of Wight|E40000005|Y59|South East
163|10R|NHS Portsmouth CCG|E54000042|Hampshire and the Isle of Wight|2019 CCGs|8|E54000042|QRL|Hampshire and the Isle of Wight|E40000005|Y59|South East
164|10V|NHS South Eastern Hampshire CCG|E54000042|Hampshire and the Isle of Wight|2019 CCGs|8|E54000042|QRL|Hampshire and the Isle of Wight|E40000005|Y59|South East
165|10X|NHS Southampton CCG|E54000042|Hampshire and the Isle of Wight|2019 CCGs|8|E54000042|QRL|Hampshire and the Isle of Wight|E40000005|Y59|South East
166|11A|NHS West Hampshire CCG|E54000042|Hampshire and the Isle of Wight|2019 CCGs|8|E54000042|QRL|Hampshire and the Isle of Wight|E40000005|Y59|South East
167|11M|NHS Gloucestershire CCG|E54000043|Gloucestershire|2019 CCGs|18|E54000043|QR1|Gloucestershire|E40000006|Y58|South West
168|10Q|NHS Oxfordshire CCG|E54000044|Buckinghamshire, Oxfordshire and Berkshire West|2019 CCGs|9|E54000044|QU9|Buckinghamshire, Oxfordshire and Berkshire West|E40000005|Y59|South East
169|15A|NHS Berkshire West CCG|E54000044|Buckinghamshire, Oxfordshire and Berkshire West|2019 CCGs|9|E54000044|QU9|Buckinghamshire, Oxfordshire and Berkshire West|E40000005|Y59|South East
170|14Y|NHS Buckinghamshire CCG|E54000044|Buckinghamshire, Oxfordshire and Berkshire West|2019 CCGs|9|E54000044|QU9|Buckinghamshire, Oxfordshire and Berkshire West|E40000005|Y59|South East
171|00Q|NHS Blackburn with Darwen CCG|E54000048|Healthier Lancashire and South Cumbria|2019 CCGs|42|E54000048|QE1|Healthier Lancashire and South Cumbria|E40000010|Y62|North West
172|00R|NHS Blackpool CCG|E54000048|Healthier Lancashire and South Cumbria|2019 CCGs|42|E54000048|QE1|Healthier Lancashire and South Cumbria|E40000010|Y62|North West
173|00X|NHS Chorley and South Ribble CCG|E54000048|Healthier Lancashire and South Cumbria|2019 CCGs|42|E54000048|QE1|Healthier Lancashire and South Cumbria|E40000010|Y62|North West
174|01A|NHS East Lancashire CCG|E54000048|Healthier Lancashire and South Cumbria|2019 CCGs|42|E54000048|QE1|Healthier Lancashire and South Cumbria|E40000010|Y62|North West
175|02G|NHS West Lancashire CCG|E54000048|Healthier Lancashire and South Cumbria|2019 CCGs|42|E54000048|QE1|Healthier Lancashire and South Cumbria|E40000010|Y62|North West
176|02M|NHS Fylde and Wyre CCG|E54000048|Healthier Lancashire and South Cumbria|2019 CCGs|42|E54000048|QE1|Healthier Lancashire and South Cumbria|E40000010|Y62|North West
177|01E|NHS Greater Preston CCG|E54000048|Healthier Lancashire and South Cumbria|2019 CCGs|42|E54000048|QE1|Healthier Lancashire and South Cumbria|E40000010|Y62|North West
178|01K|NHS Morecambe Bay CCG|E54000048|Healthier Lancashire and South Cumbria|2019 CCGs|42|E54000048|QE1|Healthier Lancashire and South Cumbria|E40000010|Y62|North West
179|00C|NHS Darlington CCG|E54000050|Cumbria and North East|2019 CCGs|37|E54000050|QHM|Cumbria and North East|E40000009|Y63|North East and Yorkshire
180|00D|NHS Durham Dales, Easington and Sedgefield CCG|E54000050|Cumbria and North East|2019 CCGs|37|E54000050|QHM|Cumbria and North East|E40000009|Y63|North East and Yorkshire
181|03D|NHS Hambleton, Richmondshire and Whitby CCG|E54000050|Cumbria and North East|2019 CCGs|37|E54000050|QHM|Cumbria and North East|E40000009|Y63|North East and Yorkshire
182|00K|NHS Hartlepool and Stockton-on-Tees CCG|E54000050|Cumbria and North East|2019 CCGs|37|E54000050|QHM|Cumbria and North East|E40000009|Y63|North East and Yorkshire
183|00M|NHS South Tees CCG|E54000050|Cumbria and North East|2019 CCGs|37|E54000050|QHM|Cumbria and North East|E40000009|Y63|North East and Yorkshire
184|00J|NHS North Durham CCG|E54000050|Cumbria and North East|2019 CCGs|37|E54000050|QHM|Cumbria and North East|E40000009|Y63|North East and Yorkshire
185|99C|NHS North Tyneside CCG|E54000050|Cumbria and North East|2019 CCGs|37|E54000050|QHM|Cumbria and North East|E40000009|Y63|North East and Yorkshire
186|00L|NHS Northumberland CCG|E54000050|Cumbria and North East|2019 CCGs|37|E54000050|QHM|Cumbria and North East|E40000009|Y63|North East and Yorkshire
187|00N|NHS South Tyneside CCG|E54000050|Cumbria and North East|2019 CCGs|37|E54000050|QHM|Cumbria and North East|E40000009|Y63|North East and Yorkshire
188|00P|NHS Sunderland CCG|E54000050|Cumbria and North East|2019 CCGs|37|E54000050|QHM|Cumbria and North East|E40000009|Y63|North East and Yorkshire
189|13T|NHS Newcastle Gateshead CCG|E54000050|Cumbria and North East|2019 CCGs|37|E54000050|QHM|Cumbria and North East|E40000009|Y63|North East and Yorkshire
190|01H|NHS North Cumbria CCG|E54000050|Cumbria and North East|2019 CCGs|37|E54000050|QHM|Cumbria and North East|E40000009|Y63|North East and Yorkshire
191|27D|NHS Cheshire CCG|E54000008|Cheshire and Merseyside|2020 CCGs|41|E54000008|QYG|Cheshire and Merseyside|E40000010|Y62|North West
192|71E|NHS Lincolnshire CCG|E54000013|Lincolnshire|2020 CCGs|28|E54000013|QJM|Lincolnshire|E40000008|Y60|Midlands
193|52R|NHS Nottingham and Nottinghamshire CCG|E54000014|Nottingham and Nottinghamshire Health and Care|2020 CCGs|29|E54000014|QT1|Nottingham and Nottinghamshire Health and Care|E40000008|Y60|Midlands
194|18C|NHS Herefordshire and Worcestershire CCG|E54000019|Herefordshire and Worcestershire|2020 CCGs|34|E54000019|QGH|Herefordshire and Worcestershire|E40000008|Y60|Midlands
195|78H|NHS Northamptonshire CCG|E54000020|Northamptonshire|2020 CCGs|35|E54000020|QPM|Northamptonshire|E40000008|Y60|Midlands
196|26A|NHS Norfolk and Waveney CCG|E54000022|Norfolk and Waveney Health and Care Partnership|2020 CCGs|20|E54000022|QMM|Norfolk and Waveney Health and Care Partnership|E40000007|Y61|East of England
197|93C|NHS North Central London CCG|E54000028|North London Partners in Health and Care|2020 CCGs|2|E54000028|QMJ|North London Partners in Health and Care|E40000003|Y56|London
198|72Q|NHS South East London CCG|E54000030|Our Healthier South East London|2020 CCGs|4|E54000030|QKK|Our Healthier South East London|E40000003|Y56|London
199|36L|NHS South West London CCG|E54000031|South West London Health and Care Partnership|2020 CCGs|5|E54000031|QWE|South West London Health and Care Partnership|E40000003|Y56|London
200|91Q|NHS Kent and Medway CCG|E54000032|Kent and Medway|2020 CCGs|6|E54000032|QKS|Kent and Medway|E40000005|Y59|South East
201|99M|NHS North East Hampshire and Farnham CCG|E54000034|Frimley Health|2020 CCGs|7|E54000034|QNQ|Frimley Health and Care ICS|E40000005|Y59|South East
202|10C|NHS Surrey Heath CCG|E54000034|Frimley Health|2020 CCGs|7|E54000034|QNQ|Frimley Health and Care ICS|E40000005|Y59|South East
203|15D|NHS East Berkshire CCG|E54000034|Frimley Health|2020 CCGs|7|E54000034|QNQ|Frimley Health and Care ICS|E40000005|Y59|South East
204|11N|NHS Kernow CCG|E54000036|Cornwall and the Isles of Scilly|2020 CCGs|12|E54000036|QT6|Cornwall and the Isles of Scilly Health and Social Care Partnership|E40000006|Y58|South West
205|92G|NHS Bath and North East Somerset, Swindon and Wiltshire CCG|E54000040|Bath and North East Somerset, Swindon and Wiltshire|2020 CCGs|16|E54000040|QOX|Bath and North East Somerset, Swindon and Wiltshire|E40000006|Y58|South West
206|84H|NHS County Durham CCG|E54000050|Cumbria and North East|2020 CCGs|37|E54000050|QHM|Cumbria and North East|E40000009|Y63|North East and Yorkshire
207|16C|NHS Tees Valley CCG|E54000050|Cumbria and North East|2020 CCGs|37|E54000050|QHM|Cumbria and North East|E40000009|Y63|North East and Yorkshire
208|42D|NHS North Yorkshire CCG|E54000051|Humber, Coast and Vale|2020 CCGs|38|E54000051|QOQ|Humber, Coast and Vale|E40000009|Y63|North East and Yorkshire
209|92A|NHS Surrey Heartlands CCG|E54000052|Surrey Heartlands|2020 CCGs|10|E54000052|QXU|Surrey Heartlands Health and Care Partnership|E40000005|Y59|South East
210|09D|NHS Brighton and Hove CCG|E54000053|Sussex Health and Care Partnership|2020 CCGs|11|E54000053|QNX|Sussex and East Surrey Health and Care Partnership|E40000005|Y59|South East
211|97R|NHS East Sussex CCG|E54000053|Sussex Health and Care Partnership|2020 CCGs|11|E54000053|QNX|Sussex and East Surrey Health and Care Partnership|E40000005|Y59|South East
212|70F|NHS West Sussex CCG|E54000053|Sussex Health and Care Partnership|2020 CCGs|11|E54000053|QNX|Sussex and East Surrey Health and Care Partnership|E40000005|Y59|South East
213|36J|NHS Bradford District and Craven CCG|E54000054|West Yorkshire and Harrogate (Health and Care Partnership)|2020 CCGs|39|E54000054|QWO|West Yorkshire and Harrogate (Health and Care Partnership)|E40000009|Y63|North East and Yorkshire
214|M2L0M|NHS Shropshire, Telford and Wrekin CCG|E54000011|Shropshire and Telford and Wrekin|2021 CCGs|26|E54000011|QOC|Shropshire and Telford and Wrekin|E40000008|Y60|Midlands
215|D2P2L|NHS Black Country and West Birmingham CCG|E54000016|The Black Country and West Birmingham|2021 CCGs|31|E54000016|QUA|The Black Country and West Birmingham|E40000008|Y60|Midlands
216|B2M3M|NHS Coventry and Warwickshire CCG|E54000018|Coventry and Warwickshire|2021 CCGs|33|E54000018|QWU|Coventry and Warwickshire|E40000008|Y60|Midlands
217|M1J4Y|NHS Bedfordshire, Luton and Milton Keynes CCG|E54000024|Bedfordshire, Luton and Milton Keynes|2021 CCGs|22|E54000024|QHG|Bedfordshire, Luton and Milton Keynes|E40000007|Y61|East of England
218|W2U3Z|NHS North West London CCG|E54000027|North West London Health and Care Partnership|2021 CCGs|1|E54000027|QRV|North West London Health and Care Partnership|E40000003|Y56|London
219|A3A8R|NHS North East London CCG|E54000029|East London Health and Care Partnership|2021 CCGs|3|E54000029|QMF|East London Health and Care Partnership|E40000003|Y56|London
220|D4U1Y|NHS Frimley CCG|E54000034|Frimley Health|2021 CCGs|7|E54000034|QNQ|Frimley Health and Care ICS|E40000005|Y59|South East
221|D9Y0V|NHS Hampshire, Southampton and Isle of Wight CCG|E54000042|Hampshire and the Isle of Wight|2021 CCGs|8|E54000042|QRL|Hampshire and the Isle of Wight|E40000005|Y59|South East
222|09D|NHS Brighton and Hove CCG|E54000053|Sussex Health and Care Partnership|2021 CCGs|11|E54000053|QNX|Sussex and East Surrey Health and Care Partnership|E40000005|Y59|South East
223|97R|NHS East Sussex CCG|E54000053|Sussex Health and Care Partnership|2021 CCGs|11|E54000053|QNX|Sussex and East Surrey Health and Care Partnership|E40000005|Y59|South East
224|70F|NHS West Sussex CCG|E54000053|Sussex Health and Care Partnership|2021 CCGs|11|E54000053|QNX|Sussex and East Surrey Health and Care Partnership|E40000005|Y59|South East
225|X2C4Y|NHS Kirklees CCG|E54000054|West Yorkshire and Harrogate (Health and Care Partnership)|2021 CCGs|39|E54000054|QWO|West Yorkshire and Harrogate (Health and Care Partnership)|E40000009|Y63|North East and Yorkshire
